,Spam,Message
0,0,recharge done on          pm mrp rs    pf rs    stax rs    talktime rs    bal rs    transid  
1,0,recharge successful on       at    am mrp  rs     stax  rs    talktime  rs    transid  
2,0,recharge successful on       at    am mrp  rs     stax  rs    talktime  rs    transid   all calls      p secfor  day
3,0,you have   missed call s  from     last call            
4,0,you have   missed call s  from     last call            
5,0,"you have   missed call s  from     last call            
for top hellotunes  jobs on phone or astrology  call    tollfree "
6,0,you have   missed call s  from     last call            
7,0,happy birthday dhankhar
8,0,"so folks  it seems that no one has been able to complete the entire hunt  so all are requested to report at design studio  hobbies club at     pm to decide the winner  people winner would be decided on the basis of the least time taken so rush to design studio
 regards design studio"
9,0,"you have   missed call s  from     last call            
for top hellotunes  emergency or music masti call    tollfree "
10,0,you have   missed call s  from     last call            
11,0,you have   missed call s  from     last call            
12,0,you have   missed call s  from     last call            
13,0,"you have   missed call s  from     last call            
for top hellotunes  airtel friend locator or ndtv news call    tollfree "
14,0,you re receiving facebook notifications to help you stay connected with friends  reply  stop  to turn them off 
15,0,you re receiving facebook notifications to help you stay connected with friends  reply  stop  to turn them off 
16,0,  is your facebook password reset code or reset your password here   text  stop  to   or go to  
17,0,"use   as your password for facebook for android 

text  stop  to   or go to  "
18,0,"you have   missed call s  from     last call            
for top hellotunes  contest or airtel radio  call    tollfree "
19,0,"pnr   train   doj       cc rk ndls dep     
aarush gupta wl    
fare     sc     pgchgs
"
20,0,profile address chandigarh ka hi hai  profile name  poonam gupta  ticket booked on my name
21,0,k
22,0,"pnr  
train       ndls janshatabdi
dt        
boardingstn   rk
reservedupto   ndls 
class   cc
p    curr stat   c      
chartstatus   prepared
coach position    
schd dep time         hrs 
 to know the current position of your train  send spot  train number  to   "
23,0,k
24,0,"   

driver mukesh"
25,0,"you have   missed call s  from     last call            
for top hellotunes  airtel friend locator or ndtv news call    tollfree "
26,0,bhai aa ja court
27,0,match h tera  
28,0,hardik ko b le aana
29,0,"you have   missed call s  from     last call            
for top hellotunes  emergency or music masti call    tollfree "
30,0,meeting
31,0,"you have   missed call s  from     last call            
for top hellotunes  contest or airtel radio  call    tollfree "
32,0,recharge successful on       at    pm mrp  rs     stax  rs    talktime  rs    transid   free local std all mobile   landline calls    gb on  g handset    gb for others  t c apply  validity  days  for detailed t c  click on www airtel in tnc
33,0,"you have   missed call s  from     last call            
for top hellotunes  airtel friend locator or ndtv news call    tollfree "
34,0,"you have   missed call s  from     last call            
for top hellotunes  airtel friend locator or ndtv news call    tollfree "
35,0,"you have   missed call s  from     last call            
for top hellotunes  jobs on phone or astrology  call    tollfree "
36,0,"you have   missed call s  from     last call            
for top hellotunes  airtel friend locator or ndtv news call    tollfree "
37,0,"you have   missed call s  from     last call            
for top hellotunes  airtel call manager or live aarti call    tollfree "
38,0,ysrxczkm is your yahoo account key
39,0,"you have   missed call s  from     last call            
for top hellotunes  airtel call manager or live aarti call    tollfree "
40,0,"you have   missed call s  from     last call            
for top hellotunes  emergency or music masti call    tollfree "
41,0,recharge successful on       at    am mrp  rs     stax  rs    talktime  rs    transid   free local std all mobile   landline calls    gb on  g handset    gb for others  t c apply  validity  days 
42,0,"pnr   train   doj       cc cdg ndls dep     
aarush gupta c    
fare   sc     pg ins"
43,0,recharge done on          pm mrp rs    pf rs    stax rs    talktime rs    bal rs    transid  full month internet  dial      
44,0,"you have   missed call s  from     last call            
for top hellotunes  emergency or music masti call    tollfree "
45,0,"you have   missed call s  from     last call            
for top hellotunes  airtel call manager or live aarti call    tollfree "
46,0,"pnr   train   doj       cc cdg ndls dep     
aarush gupta c    
fare   sc     pg ins
"
47,0,"you have   missed call s  from     last call            
for top hellotunes  airtel call manager or live aarti call    tollfree "
48,0,"you have   missed call s  from     last call            
for top hellotunes  airtel call manager or live aarti call    tollfree "
49,0,"you have   missed call s  from     last call            
for top hellotunes  emergency or music masti call    tollfree "
50,0,"you have   missed call s  from     last call            
for top hellotunes  airtel friend locator or ndtv news call    tollfree "
51,0,"you have   missed call s  from     last call            
for top hellotunes  airtel call manager or live aarti call    tollfree "
52,0,"whatsapp code     

you can also tap on this link to verify your phone  v whatsapp com  "
53,0,hi  your music pin is    keep grooving with wynk   
54,0,use   as your login otp  otp is confidential  paytm never calls you asking for otp  sharing it with anyone gives them full access to your paytm wallet 
55,0,we have received a paytm login request from a new phone at     pm    july if you did not attempt this  please raise a query at paytm com care or call us at    
56,0,qdhpepn  is your code to reset your twitter password  don t reply to this message with your code 
57,0,truecaller code  
58,0,your unique verification code for olacabs is    thank you 
59,0,use   as your login code for saavn   account kit by facebook 
60,0,  is your otp for servify  this otp is valid for   seconds  do not share this otp with anyone for security reasons  we look forward to serving you 
61,0,use   as your login otp  otp is confidential  paytm never calls you asking for otp  sharing it with anyone gives them full access to your paytm wallet 
62,0,paid rs     to thesouledstore at     pm  wallet txn id   avail  bal rs    
63,0,your mi account verification code is    this otp expires in   day 
64,0,you paid uber rs      avail exclusive rs   cashback on your  st flight booking on paytm  use promo  flyuber   
65,0,your    account was renamed to aarush  outlook com  if this isn t right  visit  
66,0,use   as microsoft account security code
67,0,"whatsapp code     

you can also tap on this link to verify your phone  v whatsapp com  "
68,0,"whatsapp code     

you can also tap on this link to verify your phone  v whatsapp com  "
69,0,"whatsapp code     

you can also tap on this link to verify your phone  v whatsapp com  "
70,0,  is your otp for ccd app registration      otp valid for   minutes but why wait  share coffee but not otp with others 
71,0,acta xwdg eqmogbnr uvs   fyw  d  d
72,0,paymateivrtrans dea heyzvsqyqtxiyojw tahq  d  d
73,0,   e  
74,0,refund for yatra reference number   has been processed  your bank transaction id for the refund of rs    is    kindly note that the private sector banks may take     working days and public sector banks may take up to   working days to refund the amount in your account 
75,0,use   as your login otp  otp is confidential  paytm never calls you asking for otp  sharing it with anyone gives them full access to your paytm wallet 
76,0,paid rs     to mytatasky at     pm  wallet txn id   avail  bal rs    
77,0,data usage alert  you have used  mb data from your main account  for info on data packs  dial      
78,0,data usage alert  you have used  mb data from your main account  for info on data packs  dial      
79,0,welcome to bata club  rs   bonus points are added to ur a c  vld for   days   to get rs  xtra  edit ur profile    
80,0,"walnut auto verify code is   
now split bills with friends  using walnut   the smartest personal finance app"
81,0,recharge successful on       at    pm mrp  rs     stax  rs    talktime  rs    transid   national roaming benefits  local   std outgoing calls   p min for   days
82,0,  rs  is credit on your mobile as per wrong recharged 
83,0,thank you for downloading my airtel app  your one time password otp  for completing your registration on the app is    it is usable once and valid for   mins from the request  please do not share otp with anyone 
84,0,you paid uber rs      more savings on bigbasket when you pay using paytm  get    cashback on your  st paytm order   
85,0,your order for diary of a wimpy kid  the getaw    has been successfully placed  it will be delivered by   nov  thank you for shopping at amazon 
86,0,"hi customer   your ticket has been generated and sent to your email id


for spider man  homecoming   d   u a 

on sun    jul       pm 


at cinepolis  jagat mall  chandigarh  audi    


seats  executiv c  

booking id  wr hj  "
87,0,thank you for choosing mticket as your booking option on bookmyshow  for easy entry at the cinema  we request you to download the mticket image and save it in your photo gallery   
88,0,you paid uber rs      more savings on bigbasket when you pay using paytm  get    cashback on your  st paytm order   
89,0,you paid uber rs      more savings on bigbasket when you pay using paytm  get    cashback on your  st paytm order   
90,0,you paid uber rs      more savings on bigbasket when you pay using paytm  get    cashback on your  st paytm order   
91,0,you paid uber rs      more savings on bigbasket when you pay using paytm  get    cashback on your  st paytm order   
92,0,you paid uber rs      more savings on bigbasket when you pay using paytm  get    cashback on your  st paytm order   
93,0,you paid uber rs      more savings on bigbasket when you pay using paytm  get    cashback on your  st paytm order   
94,0,pls deposit rs  at any sbi branch  for your sbcollect ref  for 
95,0,sbcollect txn  dtd  rs  for is successful 
96,0,thank you for your interest in airtel  we have received your request for activation of mobile no     the same will be activated within   hours 
97,0,data usage alert   mb is remaining in your account  post quota  charges apply at  g  p  kb   g  p  kb  for data packs  dial      
98,0,paid rs      to uttam catters at     am  wallet txn id   avail  bal     
99,0,paid rs      to uttam catters at     am  wallet txn id   avail  bal     
100,0,received rs     from  xxxx  in your paytm wallet  wallet txn id     fashion end of season sale  
101,0,truecaller code  
102,0,dispatched  your package with new summer special usb fan m    will reach you by   jul  track at  
103,0,dispatched  your package with spigen rugged armor case for    will reach you by   jul  track at  
104,0,rs      has been paid to    for reference  wallet transaction id is    updated balance  rs      
105,0,your amazon order will be delivered by blue dart  amount payable is rs   track on  
106,0,your amazon order will be delivered by blue dart  amount payable is rs   track on  
107,0,let s chat on hangouts   
108,0,let s chat on hangouts   
109,0,received rs     from  xxxx  in your paytm wallet  wallet txn id        cashback on flights 
110,0,on the way  your amazon package with new summer special usb fan mini air conditioner w    is on time and will reach you by   jul  track at www amazon in orders
111,0,"hi kanishk  aarush gupta would like to chat with you on skype  it s free 

 "
112,0,added rs    to your paytm wallet  transaction id     current balance       products starting at rs   at sunday bazaar 
113,0,rs      has been paid to    for reference  wallet transaction id is    updated balance  rs      
114,0,arriving early  new summer special usb fan mini air conditioner water mist fan with lithium batt  will be delivered today amt  rs     
115,0,arriving early  new summer special usb fan mini air conditioner water mist fan with lithium batt  will be delivered today amt  rs     
116,0,your  order  will be  attempted by blue dart today  amount payble is rs    track on  
117,0,your order awb    will be attempted in next  mins  amt payable rs    go digital  pay via wallets  cards  upi  netbanking  asad khan 
118,0,delivered  your package with new summer special usb fan mini air conditioner water mist fa    was successfully delivered  more info at  
119,0,received rs     from  xxxx  in your paytm wallet  wallet txn id     for billpayments visit paytm
120,0,use   as your login otp  otp is confidential  paytm never calls you asking for otp  sharing it with anyone gives them full access to your paytm wallet 
121,0,paid rs     to irctc connect app  wallet txn id    updated balance rs      it may take   hrs for refund to reflect in case of cancellation non booking
122,0,"pnr   train   doj       cc rk umb dep     
aarush gupta c    
fare   sc     pg ins
"
123,0,pnr   pa insurance certificate s mailed for aarush g premium rs      to update nominee  visit  
124,0,your  order  will be  attempted by blue dart today  amount payble is rs    track on  
125,0,arriving early  spigen rugged armor case for oneplus   op    black k cs  will be delivered today amt  rs     
126,0,delivered  your package with spigen rugged armor case for oneplus   op    black k cs  was successfully delivered  more info at  
127,0,delivered  your package with spigen rugged armor case for oneplus   op    black k cs  was successfully delivered  more info at  
128,0,rs      has been paid to    for reference  wallet transaction id is    updated balance  rs      
129,1,"rs  unlimited local std call aur  gb  g  g  gb din   din t c
behtar data speed ke liye sim slot  mein lagayein 
offer seemit samay tak  airtel in   m par"
130,1,hi aarush  last weekend to avail buy   get   free  explore the range   experience best customer service at our exclusive stores  valid till   july  t c
131,1,high five aarush  friday has come  apply promo kidaan   enjoy rs   off   uber rides in chd tricity amb by friday    pm   celebratefriyay  uberon
132,1,"bahubali offer 
rs  unltd sabhi call  gb  g  g  gb din  din
rs  unltd airtel mobile call  gb  gb din  din
niji upyog hetu
t c  click airtel in   m"
133,0,received rs     from  xxxx  in your paytm wallet  wallet txn id     book movie tickets on paytm 
134,1,ayushmann khurrana and kriti sanon to be seen together in upcoming film bareilly ki barfi  for hellotunes dial   tollfree
135,1,aarush  thanks for being an uber vip rider  apply promo yay    enjoy    off   rides in chd tricity ambala  max disc rs   ride till sun   t uber com edn
136,1,heading to ur favourite mall restaurant  use promo yay    get    off   uber rides by sun in chd amb  max disc rs  ride  chalo chaliye ghuman   t uber com edn
137,1,check balance  recharge mobile and get exclusive deals   cashback on my airtel app  click here to use the app now www airtel in   in
138,1,use code cool  and ride micro around chandigarh at just rs   for upto   km till  th july  valid for first  k users  book now on bit ly c sms
139,1,"rs  unlimited local std aur roaming call  gb  g  g   gb din    din 
t c  niji upyog hetu 
offer seemit samay tak  click airtel in   mamo"
140,1,uber now connects chandigarh   ludhiana like never before  travel intercity at flat rs   for upto   kms  think intercity  think uber  read  t uber com cl 
141,1,what s better than   pizza    at    off frm pizza hut  valid on medium pan pizzas if u buy    call           online  
142,1,"bahubali offer 
rs  unltd sabhi call  gb  g  g  gb din  din
rs  unltd airtel mobile call  gb  gb din  din
niji upyog hetu
t c  click airtel in   m"
143,1,check balance  recharge mobile and get exclusive deals   cashback on my airtel app  click here to use the app now www airtel in   in
144,1,try an ola bike at  just rs   for   kms in mohali  zirakpur   kharar  whizz past traffic on a safe and comfortable ola bike  book now on bit ly  olacabs
145,1,"bahubali offer 
rs  unltd sabhi call  gb  g  g  gb din  din
rs  unltd airtel mobile call  gb  gb din  din
niji upyog hetu
t c  click airtel in   m"
146,1,what s better than   pizza    at    off frm pizza hut  valid on medium pan pizzas if u buy    call          online  
147,1,hi aarush  last day to avail buy   get   free  experience the widest collection with best quality at lowest prices  hurry  t c
148,0,use   as your login otp  otp is confidential  paytm never calls you asking for otp  sharing it with anyone gives them full access to your paytm wallet 
149,0,paid rs     to irctc connect app  wallet txn id    updated balance rs      it may take   hrs for refund to reflect in case of cancellation non booking
150,0,"pnr   train   doj       cc cdg rk dep     
aarush gupta c    
fare   sc     pg ins
"
151,1,"rs  loc std call  p m  din
rs   loc min  din
offer ke liye click airtel in   m
behtar data speed ke liye sim ko slot  mein lagayein
seemit samay tak"
152,1,dear rider  congrats  you ve won   free uber rides  apply promo nihaal   enjoy rs   off   rides in chd tricity amb by friday  how to apply promo t uber com edn
153,1,flat    off on pest control services  hicare pest protection for bedbugs termites cockroaches  free bird netting inspection  t c for details  sms pest to  
154,1,   cashback irctc par irctc se train ticket book karein aur pay karein airtel money dwara shartein laagu retailer se aaj hi apne wallet mein paise jama karein 
155,1,check balance  recharge mobile and get exclusive deals   cashback on my airtel app  click here to use the app now www airtel in   in
156,1,"rs  unlimited local std call aur  gb  g  g  gb din   din t c
behtar data speed ke liye sim slot  mein lagayein 
offer seemit samay tak  airtel in   m par"
157,1,use code chd and get    off upto rs   on   micro mini prime rides  valid till  th aug  applicable for first  k users  book now on bit ly c sms
158,1,rs     bonus points are added to ur bata club a c  vld til        redeem n get rs  flat off  enjoy shopping   bata  tnc 
159,1,your favourite regional entertainment now on airtel digitaltv  now get a new connection for rs    get benefits upto rs   give a missed call on  
160,1,"bahubali offer 
rs  unltd sabhi call  gb  g  g  gb din  din
rs  unltd airtel mobile call  gb  gb din  din
niji upyog hetu
t c  click airtel in   m"
161,1,check balance  recharge mobile and get exclusive deals   cashback on my airtel app  click here to use the app now www airtel in   in
162,1,"rs  unlimited local std aur roaming call  gb  g  g   gb din    din 
t c  niji upyog hetu 
offer seemit samay tak  click airtel in   mamo"
163,1,"bahubali offer 
rs  unltd sabhi call  gb  g  g  gb din  din
rs  unltd airtel mobile call  gb  gb din  din
niji upyog hetu
t c  click airtel in   m"
164,1,ride share express at just rs   upto   km along popular fixed routes with no deviations  book now on bit ly c sms
165,1,mile ho tum jaisi hello tune chune aur free mein unlimited bar badlein  airtel se call   nishulk   mauka smartphone aur car jeetne ka  call   nishulk 
166,1,celeb zone service has been activated   rs    for  day s  txn id n    aug       service will be renewed after validity expiry to use click  
167,1,thanks for choosing celeb zone on your airtel mobile  you have been charged rs    for  days a c balance  rs    at     to deactivate call or sms stop to  
168,1,sat sri akal aarush  enjoy   free uber rides  use promo nihaal   get rs   off   rides in chd tricity or amb before friday    pm  hun gedi uber vich 
169,0,"these are the services started on your airtel mobile 
 choose the option you want to stop 
    celeb zone
"
170,0,we have received your request to stop services  service options will be sent to you shortly 
171,0,we have not received any input from you in the last   mins  to stop a service reply to this message with  stop  
172,0,"these are the services started on your airtel mobile 
 choose the option you want to stop 
    celeb zone
"
173,0,we have received your request to stop services  service options will be sent to you shortly 
174,0,your request has been received and the service will be stopped on your airtel mobile within  min 
175,0,celeb zone service has been deactivated on your airtel mobile thanks for using the service for more services call   or click  
176,1,"offer sabhi handset par 
rs  unlimited loc std  gb data  gb din   din 
sim slot  mein lagao  behtar speed pao
t c  seemit samay offer click airtel in   m"
177,1,check balance  recharge mobile and get exclusive deals   cashback on my airtel app  click here to use the app now www airtel in   in
178,1,enjoy pizza hut pan pizza     off  valid on   or more medium pan pizzas in store   for delivry  walk in call          
179,1,"bahubali offer 
rs  unltd sabhi call  gb  g  g  gb din  din
rs  unltd airtel mobile call  gb  gb din  din
niji upyog hetu
t c  click airtel in   m"
180,1,pay no more than rs   for  km  rs   for  km   rs   for  km for ola share in chandigarh  use code sharechd  valid till  th aug  book now on bit ly c sms
181,1,hey aarush  you ve won   free uber rides  apply promo nihaal   get rs   off   rides in chd tricity or amb till friday  hun gedi uber vich  t uber com edn
182,1,"rs   gb  g  g   g    din
rs   gb  g  g   din
offer ke liye  click airtel in   m
behtar data speed ke liye sim ko slot   mein lagayein
seemit samay tak"
183,1,check balance  recharge mobile and get exclusive deals   cashback on my airtel app  click here to use the app now www airtel in   in
184,1,check balance  recharge mobile and get exclusive deals   cashback on my airtel app  click here to use the app now www airtel in   in
185,1,"bahubali offer 
rs  unltd sabhi call  gb  g  g  gb din  din
rs  unltd airtel mobile call  gb  gb din  din
niji upyog hetu
t c  click airtel in   m"
186,1,enjoy   free uber rides today  apply promo nihaal   get rs   off   rides in chd tricity ambala  valid till friday midnight  how to apply promo   t uber com edn
187,1,check balance  recharge mobile and get exclusive deals   cashback on my airtel app  click here to use the app now www airtel in   in
188,1,"offer sabhi handset par 
rs  unlimited loc std  gb data  gb din   din 
sim slot  mein lagao  behtar speed pao
t c  seemit samay offer click airtel in   m"
189,1,aarush  heading home to ludhiana soon  uber it   pay no more than flat rs   for rides between chandigarh   ludhiana upto   kms  read  t uber com tle
190,1,"bahubali offer 
rs  unltd sabhi call  gb  g  g  gb din  din
rs  unltd airtel mobile call  gb  gb din  din
niji upyog hetu
t c  click airtel in   m"
191,1, bata   raksha bandhan special  get rs  flat off on min bill of rs   redeem ur bonus bata club points bfor  aug  tnc 
192,1,welcome to haryana on airtel india s fastest network  enjoy unlimited incoming calls free as you roam anywhere in india data rates same as home network for discounted outgoing rates  dial      
193,0,"you have   missed call s  from     last call            
for top hellotunes  airtel friend locator or ndtv news call    tollfree "
194,0,you have   missed call s  from     last call            
195,0,"you have   missed call s  from     last call            
for top hellotunes  airtel call manager or live aarti call    tollfree "
196,1,welcome to punjab on airtel india s first open network  visit airtel in opennetwork to check network coverage  all incoming calls free  call    p rs   per min for local  std calls   data rates remain same as in your home network 
197,1,the government of punjab welcomes you to punjab  please dial toll free punjab government s help line number    in case of any help 
198,1,welcome to amazon pay balance  shop with frictionless   click payment   get access to instant refunds and exclusive cashbacks  add money now 
199,0,your order with order id       has been successfully placed  please check email for more details  thank you for shopping at amazon 
200,0,your order with order id       has been successfully placed  please check email for more details  thank you for shopping at amazon 
201,0,hi customer  your amazon pay balance has been updated with rs     as per your request  total balance is now rs      thank you
202,0,your order for spigen nexus  x case cover thin    has been successfully placed  it will be delivered by   aug  thank you for shopping at amazon 
203,0,dear customer there are no transactions in your account xxxxx  since last one year pls operate the acccount and avoid stamping your account as inoperative
204,1,aarush  heading to ur favourite mall restaurant  use promo nimbus   get    off   uber rides by sun in chd amb  max disc rs   ride  chalo chaliye ghuman 
205,0,dispatched  your package with spigen nexus  x case cover t    will reach you by   aug  track at  
206,1,"offer sabhi handset par 
rs  unlimited local std roaming call  gb data  gb din   din
t c  niji upyog hetu 
offer seemit samay tak  click airtel in   mamo"
207,1,check balance  recharge mobile and get exclusive deals   cashback on my airtel app  click here to use the app now www airtel in   in
208,0,recharge done on          am mrp rs    gst    payable by company distributor retailer rs    transid  internet for   days  dial      
209,1, mb  g  g  cashback excluded   validity   daysinsert airtel sim in slot     enjoy high speed internet
210,1,what s better than   pizza    at    off frm pizza hut  valid on medium pan pizzas if u buy    call        online  
211,0,enter   to link your paytm wallet and allow uber to charge for rides  if you don t have a paytm account  we ll create one  terms at www paytm com terms
212,0,paid rs     to uber  book movie tickets on paytm   get    cashback on next   uber rides till  th aug   
213,1,"bahubali offer 
rs  unltd sabhi call  gb  g  g  gb din  din
rs  unltd airtel mobile call  gb  gb din  din
niji upyog hetu
t c  click airtel in   m"
214,1,"your data pack gives free access to live tv  movies and music  download now and get   mb free  tca   click 
mov wynk in tv 
and  
wynk in mu msc"
215,1,it s raining  it s pouring   we re sharing  use promo nimbus   enjoy    off   uber rides in chd tricity amb by sun midnight  max disc rs  ride  t uber com edn
216,1,check balance  recharge mobile and get exclusive deals   cashback on my airtel app  click here to use the app now www airtel in   in
217,0,"hi customer   your ticket has been generated and sent to your email id


for dunkirk  u a 

on sun    aug       pm 


at pvr  elante  chandigarh  audi    


seats  normal d  

booking id  wtw wlb 


don t go hungry  get flat rs   off on your favourite meal  use coupon code combo   click here   "
218,0,"hi customer   your ticket has been generated and sent to your email id

for dunkirk  u a 
on sun    aug       pm 

at pvr  elante  chandigarh  audi    

seats  normal d  
booking id  wtw wlb 

don t go hungry  get flat rs   off on your favourite meal  use coupon code combo   click here   "
219,1,"bahubali offer 
rs  unltd sabhi call  gb  g  g  gb din  din
rs  unltd airtel mobile call  gb  gb din  din
niji upyog hetu
t c  click airtel in   m"
220,1,lenskart big rakshabandhan sale  buy   get   on eyewear  only this weekend at w lenskart com s cskwrq mmc bj   store  lenskart com st
221,0,thank you for choosing mticket as your booking option on bookmyshow  for easy entry at the cinema  we request you to download the mticket image and save it in your photo gallery   
222,1,"rs  loc std call  p m  din
rs   loc min  din
offer ke liye click airtel in   m
behtar data speed ke liye sim ko slot  mein lagayein
seemit samay tak"
223,0,data usage alert   mb is remaining in your account  post quota  charges apply at  g  p  kb   g  p  kb  for data packs  dial      
224,1,sushant singh rajput to get special training at nasa for his upcoming film chanda mama door ke  for hellotunes dial   tollfree
225,0,paid rs     to uber  book movie tickets on paytm   get    cashback on next   uber rides till  th aug   
226,0,  is your one time password  otp  to open your kotak   account  please enter this otp and get started 
227,0,"otp for aadhaar  xxxx   is   and is valid for   minutes 
 generated at             "
228,0,you have used the aadhaar otp to open kotak   account in case you have not tried to open account with kotak bank  please call at   
229,1,"offer sabhi handset par 
rs  unlimited loc std  gb data  gb din   din 
sim slot  mein lagao  behtar speed pao
t c  seemit samay offer click airtel in   m"
230,1,check balance  recharge mobile and get exclusive deals   cashback on my airtel app  click here to use the app now www airtel in   in
231,1,"bahubali offer 
rs  unltd sabhi call  gb  g  g  gb din  din
rs  unltd airtel mobile call  gb  gb din  din
niji upyog hetu
t c  click airtel in   m"
232,1,dear rider  now pay for uber rides using your bank s upi  select  payments  and  add payment method  in the menu of your uber app  available on android only 
233,0,uber india systems pvt ltd has requested rs     from you through upi 
234,1,welcome to haryana on airtel india s fastest network  enjoy unlimited incoming calls free as you roam anywhere in india data rates same as home network for discounted outgoing rates  dial      
235,1,use code olaoff and get flat rs   off on   micro mini prime rides  applicable for first  k users  valid till  th aug  book now on bit ly c sms
236,1,ayurvedic capsule se motapa khatam kare kewal   din me   kg government approved    ayurvedic    money back guarantee  for details  sms ac to  
237,0,use code   to confirm your phone number on steam
238,0,hi  welcome to   just a few more steps to get a savings account with up to    interest per annum  please fill your details now  t c apply
239,1,check balance  recharge mobile and get exclusive deals   cashback on my airtel app  click here to use the app now www airtel in   in
240,1,mile ho tum jaisi hello tune chune aur free mein unlimited bar badlein  airtel se call   nishulk   mauka gold aur kwid car jeetne ka  call   nishulk 
241,1,"offer sabhi handset par 
rs  unlimited local std roaming call  gb data  gb din   din
t c  niji upyog hetu 
offer seemit samay tak  click airtel in   mamo"
242,1,considerably increase chances of cracking gre  join manya the princeton review chandigarh  new weekday and weekend batches are staring from  th    th a
243,1,ug enroll   register your seat for details cont  
244,1,considerably increase chances of cracking gre  join manya the princeton review chandigarh  new weekday and weekend batches are staring from  th    th aug enroll   register your seat for details cont  
245,1,considerably increase chances of cracking gre  join manya the princeton review chandigarh  new weekday and weekend batches are staring from  th    th aug enroll   register your seat for details cont  
246,1,"bahubali offer 
rs  unltd sabhi call  gb  g  g  gb din  din
rs  unltd airtel mobile call  gb  gb din  din
niji upyog hetu
t c  click airtel in   m"
247,1,domino s super value meals now  rs    enjoy ur fav pizzas  garlic bread  burger pizza   taco mexicana starting     walk in call     goo gl cqthqp t c
248,0,on the way  your amazon package with spigen nexus  x case cover thin fit series black     is on time and will reach you by   aug  track at www amazon in orders
249,1,dear customer  visit www  cyberswachhatakendra gov in to know latest information about malware and security best practices  download  free bot removal tool  to secure your system
250,1,check balance  recharge mobile and get exclusive deals   cashback on my airtel app  click here to use the app now www airtel in   in
251,0,arriving early  spigen nexus  x case cover thin fit series black sgp  will be delivered by amzagent      
252,1,"offer sabhi handset par 
rs  unlimited loc std  gb data  gb din   din 
sim slot  mein lagao  behtar speed pao
t c  seemit samay offer click airtel in   m"
253,1,enjoy pizza hut pan pizza     off  valid on   or more medium pan pizzas in store   for delivry  walk in call        online  
254,0,delivered  your package with spigen nexus  x case cover thin fit series black sgp  was successfully delivered  more info at  
255,1,use code movies    get    off upto inr   on your favorite movies  only on bookmyshow  book now   t c apply   
256,1,use code freechd and get    cashback upto rs   on your next   auto rides  valid till  th august  book now on bit ly c sms
257,1,"offer sabhi handset par 
rs  unlimited loc std  gb data  gb din   din 
sim slot  mein lagao  behtar speed pao
t c  seemit samay offer click airtel in   m"
258,1,check balance  recharge mobile and get exclusive deals   cashback on my airtel app  click here to use the app now www airtel in   in
259,1,this friendship week  buy an ola share pass at re     take an ola share  spark a new connection  offer valid from  th  th august  bit ly c sms
260,1,"bahubali offer 
rs  unltd sabhi call  gb  g  g  gb din  din
rs  unltd airtel mobile call  gb  gb din  din
niji upyog hetu
t c  click airtel in   m"
261,1,dear customer  thank you for speaking with our phone banking officer   as requested we have arranged a call back for you 
262,1,check balance  recharge mobile and get exclusive deals   cashback on my airtel app  click here to use the app now www airtel in   in
263,1,"offer sabhi handset par 
rs  unlimited loc std  gb data  gb din   din 
sim slot  mein lagao  behtar speed pao
t c  seemit samay offer click airtel in   m"
264,1,akshay kumar to be seen as a hockey player in upcoming film gold  for hellotune dial   tollfree
265,1,this long weekend travel uber intercity between chandigarh   ludhiana at flat rs   upto   kms  think ludhiana  think uber intercity  read  t uber com cl 
266,1,manya the princeton review chandigarh center leading in test prep announces registration open for gmat new weekday   weekend batches starting from  th   th july cont  
267,1,"your fav domino s veg pizzas just got better   soft crust more toppings tastier sauce   more cheese  walk in order     goo gl cqthqp  app t c
 badalgaya"
268,1,use code olaoff and get flat rs   off on   micro mini prime rides  applicable for first  k users  valid till  th aug  book now on bit ly c sms
269,1,"bahubali offer 
rs  unltd sabhi call  gb  g  g  gb din  din
rs  unltd airtel mobile call  gb  gb din  din
niji upyog hetu
t c  click airtel in   m"
270,1,go wild   free with our brand new fashion   home collection at a chumbak store near you    
271,1,hi aarush  peter england launches new aw collection  get rs   voucher on min purchase of rs   redeemable on your next purchase  valid till   aug  t c
272,1,our friendship week deal is running out  hurry  take an ola share and spark a new connection  offer valid from  th  th august  bit ly c sms
273,1,"offer sabhi handset par 
rs  unlimited local std roaming call  gb data  gb din   din
t c  niji upyog hetu 
offer seemit samay tak  click airtel in   mamo"
274,1,sort your weekend scenes  get flat    off at pizza hut  valid on medium pan pizzas if u buy    call       online  
275,1,use code ldh    travel to ludhiana with ola outstation at fares starting at rs   only  regular fares apply after   km and   hrs  book now bit ly c sms
276,1,"bahubali offer 
rs  unltd sabhi call  gb  g  g  gb din  din
rs  unltd airtel mobile call  gb  gb din  din
niji upyog hetu
t c  click airtel in   m"
277,1,aarush  this independence day weekend uber between chandigarh   ludhiana at flat rs   upto   kms  no promo code needed  think ludhiana  think uber 
278,1,"headmaster   offers
   silk treatment  any length     
   hair spa     in    
   facial     in rs     o  whitening 
   valid till   aug "
279,0,rs      has been paid to    for reference  wallet transaction id is    updated balance  rs      
280,0,dear member  thank you for visiting giani  your invoice no is in   total amount is     thanks
281,0,data usage alert   mb is remaining in your account  for data packs  dial      
282,1,this independence day  get your right to affordable rides  ride an ola bike at just rs   for upto   km  tca  know more  
283,1,check balance  recharge mobile and get exclusive deals   cashback on my airtel app  click here to use the app now www airtel in   in
284,1,"rs  loc std call  p m  din
rs   loc min  din
offer ke liye click airtel in   m
behtar data speed ke liye sim ko slot  mein lagayein
seemit samay tak"
285,1,"bahubali offer 
rs  unltd sabhi call  gb  g  g  gb din  din
rs  unltd airtel mobile call  gb  gb din  din
niji upyog hetu
t c  click airtel in   m"
286,1,aavashyak suchana  sarkari nirdeshanusar aadhaar ko apne airtel mobile se joodna anivarya hai sevaon ko jaari rakhne ke liye nazdeeki retailer se sampark karein
287,1,aarush  you re an uber vip  use promo run    enjoy    off   rides in chd tricity ambala by fri  max discount rs  ride  how to apply promo t uber com edn
288,1,"offer sabhi handset par 
rs  unlimited loc std  gb data  gb din   din 
sim slot  mein lagao  behtar speed pao
t c  seemit samay offer click airtel in   m"
289,1,ride micro mini at flat rs   for   km and   mins till  th aug  regular rates apply thereafter  no code required  book now on bit ly c sms
290,1,freedom smaaash sky karting gurgaon offer  get   big pizza or pasta     soft drink     go karting race  mins at   ai on        august  call    t c apply 
291,0,hey  here is your free monthly game  show code  kft rqf within   days  valid mon thu till  pm t c   
292,1,hi aarush  celebrate independence day with rs   voucher redeemable on your next purchase on a min purchase of   at peter england  valid till   aug t c
293,1,rs   for   km is back  travel around town at rs   for  km with ola auto  the most economical ride for short distances  book now on bit ly  olacabs
294,1,"bahubali offer 
rs  unltd sabhi call  gb  g  g  gb din  din
rs  unltd airtel mobile call  gb  gb din  din
niji upyog hetu
t c  click airtel in   m"
295,1,alert  aapka  g data pack    din mein samapt ho jayega  best recharges aur balance ki jaankari ke liye dial       
296,0,"hi customer 

booking id  rrtr  
seats  executiv i  i  

  seat s  for toilet   ek prem katha  u a  on mon    aug       pm

at r r cinemas  roorkee  audi    

please carry your cc dc card which was used for booking tickets "
297,1,check balance  recharge mobile and get exclusive deals   cashback on my airtel app  click here to use the app now www airtel in   in
298,1,this independence day  get your right to affordable rides  ride an ola bike at just rs   for upto   km  tca  know more  
299,1,"offer sabhi handset par 
rs  unlimited loc std  gb data  gb din   din 
sim slot  mein lagao  behtar speed pao
t c  seemit samay offer click airtel in   m"
300,1,high five aarush  enjoy your ride between chandigarh   ludhiana in an ac uber at flat rs   upto  kms  think ludhiana  think uber  read  t uber com cl 
301,1,enjoy ur fav veg extravaganza pizza at all new domino s with taste of new grilled mushroom more toppings soft crust   more cheese  call     goo gl cqthqp
302,1,last day of buy   get   at lenskart com   download the lenskart app  click  bit ly  w avrk or find nearby store at store lenskart com  ph       
303,1,"janmashthami   independence day mauka anginat hellotune badlne ka rs   din mein call   tollfree 
mauka smartphone aur car jeetne ka call  tollfree "
304,1,avail upto    cashback  max  rs  txn  on recharges  bill payments  utilities   online merchants through airtel payments bank t c apply click bit ly  j rfro
305,1,watch pm modi s address to the nation   share your thoughts with him directly on mygov or app  
306,1,buy ola share pass at re    starting this independence day  take an ola share to free our roads from congestion  offer ends  st august  know more   
307,1,aarush  save upto rs   on   uber rides each  use promo run   get    off   rides in chd amb by fri  max disc rs  ride  how to apply promo t uber com edn
308,1,dear bata club member  ur rs     bonus cash points will expire on   aug    visit bata n redeem ur points tnc apply 
309,1,ride micro mini at flat rs   for   km and   mins till  th aug  regular rates apply thereafter  no code required  book now on bit ly c sms
310,1," rs  unltd loc std  gb   gb din  sabhi handset par   din  t c 
seemit samay offer  click airtel in   m
   cashback airtel payments bank a c kholne par "
311,1,check balance  recharge mobile and get exclusive deals   cashback on my airtel app  click here to use the app now www airtel in   in
312,1,enjoy pizza hut pan pizza     off  valid on   or more medium pan pizzas in store   for delivry  walk in call       
313,1,rs   for   km is back  travel around town at rs   for  km with ola auto  the most economical ride for short distances  book now on bit ly c sms
314,0,alert  aapka  g data pack  aaj samapt ho jayega  best recharges aur balance ki jaankari ke liye dial       
315,1,aarush  save upto rs   on   uber rides each  use promo run   get    off   rides in chd amb by fri  max disc rs  ride  how to apply promo t uber com edn
316,1," rs  unltd loc std  gb   gb din  sabhi handset par   din  t c 
seemit samay offer  click airtel in   m
   cashback airtel payments bank a c kholne par "
317,1,check balance  recharge mobile and get exclusive deals   cashback on my airtel app  click here to use the app now www airtel in   in
318,1,hey aarush  enjoy your ride between chandigarh   ludhiana in an ac uber at flat rs   upto  kms  think ludhiana  think uber  read  t uber com cl 
319,1,hurry  lenovo back to college offer ends in   days  get upto rs    worth puma voucher   upto   years warranty for rs     visit lenv in  pvj y for more offer details and to locate a store near you  to stop receiving offers from lenovo  sms stop to   
320,1,ride ola share to make a difference   free our roads from congestion  offer ends  st aug  know more   
321,1,aarush  save upto rs   on   uber rides each  use promo run   get    off   rides in chd amb by fri  max disc rs  ride  how to apply promo t uber com edn
322,1,aavashyak suchana  sarkari nirdeshanusar aadhaar ko apne airtel mobile se joodna anivarya hai sevaon ko jaari rakhne ke liye nazdeeki retailer se sampark karein
323,1,check balance  recharge mobile and get exclusive deals   cashback on my airtel app  click here to use the app now www airtel in   in
324,1," rs  unltd loc std  gb   gb din  sabhi handset par   din  t c 
seemit samay offer  click airtel in   m
   cashback airtel payments bank a c kholne par "
325,1,earn rs       to     p m home based part time job for house wives   students bachelor typing work no target  call shine  
326,1,aarush  heading to ludhiana soon  uber it   pay no more than flat rs   for rides between chandigarh   ludhiana upto   kms  read  t uber com cl 
327,1,get chumbak on the go with the brand new chumbak android app  download now from google play store or  
328,1,hi aarush  check out peter england s widest range of newly launched eco friendly oxygeans and do your part to save the planet  visit stores today 
329,1,aarush  your uber weekend treat is here  save upto rs   on   rides each  apply promo tarara   enjoy    off   rides in chd amb by sun   t uber com edn
330,1,check balance  recharge mobile and get exclusive deals   cashback on my airtel app  click here to use the app now www airtel in   in
331,1,"rs   gb  g  g   g    din
rs   gb  g  g   din
offer ke liye  click airtel in   m
behtar data speed ke liye sim ko slot   mein lagayein
seemit samay tak"
332,0,"hi customer 


booking id  rrtr  

seats  executiv h  h  h  h  


  seat s  for annabelle  creation  a  on sat    aug       pm


at r r cinemas  roorkee  audi    


please carry your cc dc card which was used for booking tickets "
333,0,received rs     from  xxxx  in your paytm wallet  wallet txn id     shop at croma store get offers
334,0,received rs     from  xxxx  in your paytm wallet  wallet txn id     shop at croma store get offers
335,0,"hi aarush gupta 


booking id  rrtr  

seats  executiv h  h  


  seat s  for annabelle  creation  a  on sat    aug       pm


at r r cinemas  roorkee audi    


please carry your cc dc card which was used for booking tickets "
336,1,enjoy ur fav veg extravaganza pizza at all new domino s with taste of new grilled mushroom more toppings soft crust   more cheese  call     goo gl cqthqp
337,1,you have rs   in your gocash wallet  download the goibibo app or sign up to claim and save on your travel bookings   
338,1,aarush  save upto rs   on   uber rides each  apply promo tarara   enjoy    off   rides in chd tricity ambala by sun  how to apply promo   t uber com edn
339,1,shraddha kapoor to make her debut in upcoming telugu film saaho with prabhas  for hellotunes dial   tollfree
340,1,check balance  recharge mobile and get exclusive deals   cashback on my airtel app  click here to use the app now www airtel in   in
341,1,sort your weekend scenes  get flat    off at pizza hut  valid on medium pan pizzas if u buy    call       online  
342,1,manya the princeton review chandigarh center announces new weekday   weekend batches starting for gre hurry up and enroll today till   pm   get    fee waiver for enrollment call    
343,1,manya the princeton review chandigarh center announces new weekday   weekend batches starting for gmat hurry up and enroll today till   pm   get    fee waiver for enrollment call    
344,1,sort your weekend scenes  get flat    off at pizza hut  valid on medium pan pizzas at take away  call       online  
345,1,dear member  thank you for visiting giani  your invoice no is in   total amount is     thanks
346,0,howdy  hacker  here is the otp for verifying your mobile number in the inout dashboard    
347,1,"rs  unltd l s roam  gb  gb d sabhi h s par  d
t c niji upyog hetu 
seemit samay offer  click airtel in   m
   cashback airtel payments bank a c kholein"
348,1,ride micro mini at flat rs   for   km and   mins till  th aug  regular rates apply thereafter  no code required  book now on bit ly c sms
349,1,check balance  recharge mobile and get exclusive deals   cashback on my airtel app  click here to use the app now www airtel in   in
350,0,received rs     from  xxxx  in your paytm wallet  wallet txn id     book flight tickets on paytm 
351,1,ayurvedic capsule se motapa khatam kare kewal   din me   kg government approved    ayurvedic    money back guarantee  for details  sms ac to  
352,1,teri keys kanishk ko de di thi
353,0,use   as your login otp  otp is confidential  paytm never calls you asking for otp  sharing it with anyone gives them full access to your paytm wallet 
354,0,paytm has added rs   of cashback in your paytm wallet for order    of madangles offer cash of rs     promocode  cudwr nvmuke    win    cashback on electricity bill  code billpay  
355,1,dear customer  recharge your mobile using icici bank internet banking and get coupons up to rs    at couponraja in   for details  visit goo gl vhp eh   t c
356,1,ride micro mini at flat rs   for   km and   mins till  th aug  regular rates apply thereafter  no code required  book now on bit ly c sms
357,1," rs  unltd loc std  gb   gb din  sabhi handset par   din  t c 
seemit samay offer  click airtel in   m
   cashback airtel payments bank a c kholne par "
358,1,check balance  recharge mobile and get exclusive deals   cashback on my airtel app  click here to use the app now www airtel in   in
359,1,your youtube go verification code   
360,1,hey  buy   sky karting game   get   free  offer valid till  st aug only on your registered mobile number  show code duw bx z to avail t c oyster pitstop sec    gurgaon
361,1,"rs  unltd l s roam  gb  gb d sabhi h s par  d
t c niji upyog hetu 
seemit samay offer  click airtel in   m
   cashback airtel payments bank a c kholein"
362,1,check balance  recharge mobile and get exclusive deals   cashback on my airtel app  click here to use the app now www airtel in   in
363,1,pizza hut don t cook wednesday is back  get    off on medium pan pizzas in store   for delivery  walk in call       online  
364,0,received rs     from  xxxx  in your paytm wallet  wallet txn id     big cashback sale on paytm 
365,0,received rs     from  xxxx  in your paytm wallet  wallet txn id     big cashback sale on paytm 
366,1," rs  unltd loc std  gb   gb din  sabhi handset par   din  t c 
seemit samay offer  click airtel in   m
   cashback airtel payments bank a c kholne par "
367,1,check balance  recharge mobile and get exclusive deals   cashback on my airtel app  click here to use the app now www airtel in   in
368,1,ride micro mini at flat rs   for   km and   mins till  th aug  regular rates apply thereafter  no code required  book now on bit ly c sms
369,1,ramanshu m  sent you an exclusive invitation on linkedin   
370,0,received rs     from  xxxx  in your paytm wallet  wallet txn id     big cashback sale on paytm 
371,1,check balance  recharge mobile and get exclusive deals   cashback on my airtel app  click here to use the app now www airtel in   in
372,1,aavashyak suchana  sarkari nirdeshanusar aadhaar ko apne airtel mobile se joodna anivarya hai sevaon ko jaari rakhne ke liye nazdeeki retailer se sampark karein
373,1,"rs  unltd l s roam  gb  gb d sabhi h s par  d
t c niji upyog hetu 
seemit samay offer  click airtel in   m
   cashback airtel payments bank a c kholein"
374,1,let s celebrate this festive weekend together  shop for rs     above to get an additional    cashback in your chumbak loyalty account  valid across all chumbak stores only between       aug    t c
375,1,naya airtel digitaltv connection lein aur payein rs  ke free goibibo voucher  naya connection rs  se  adhik jaankari ke liye   par miss call dein
376,1,"rs   gb  g  g   g    din
rs   gb  g  g   din
offer ke liye  click airtel in   m
behtar data speed ke liye sim ko slot   mein lagayein
seemit samay tak"
377,1,check balance  recharge mobile and get exclusive deals   cashback on my airtel app  click here to use the app now www airtel in   in
378,1,"get min rs    off at pizza hut 
when you buy   medium pan pizzas
valid on call       online  "
379,1,jackie shroff to be seen as a villain in prabhas s upcoming film saaho for hellotunes dial   tollfree
380,1,check balance  recharge mobile and get exclusive deals   cashback on my airtel app  click here to use the app now www airtel in   in
381,0,modelmaniaw service has been activated   rs    for  day s  txn id n    aug       service will be renewed after validity expiry to use  click  
382,0,thanks for choosing modelmaniaw on your airtel mobile  you have been charged rs    for  days a c balance  rs    at     to deactivate call or sms stop to  
383,1, 
384,1,your request has been received and the service will be stopped on your airtel mobile within  min 
385,0,modelmaniaw service has been deactivated on your airtel mobile thanks for using the service for more services call   or click  
386,1,we have received your request to stop services  service options will be sent to you shortly 
387,1,we have received your request to stop services  service options will be sent to you shortly 
388,1,"these are the services started on your airtel mobile 
 choose the option you want to stop 
    modelmaniaw
"
389,1,"these are the services started on your airtel mobile 
 choose the option you want to stop 
    modelmaniaw
"
390,1,your request has been received and the service will be stopped on your airtel mobile within  min 
391,1,    modelmaniaw
392,1,sorry  that was not a valid option 
393,1,sorry  that was not a valid option 
394,0,airtel now flash service has been stopped on your airtel mobile  thank you for using the service
395,1,"rs  loc std call  p m  din
rs   loc min  din
offer ke liye click airtel in   m
behtar data speed ke liye sim ko slot  mein lagayein
seemit samay tak"
396,1,thank you  your request has been successfully registered
397,1,"rs  unltd l s roam  gb  gb d sabhi h s par  d
t c niji upyog hetu 
seemit samay offer  click airtel in   m
   cashback airtel payments bank a c kholein"
398,1,check balance  recharge mobile and get exclusive deals   cashback on my airtel app  click here to use the app now www airtel in   in
399,1,thank you  your request has been successfully registered
400,1,"your data pack gives free access to live tv  movies and music  download now and get   mb free  tca   click 
mov wynk in tv 
and  
wynk in mu msc"
401,1,jaruri soochna  sarkari nirdeshanusar  apne aadhaar nun airtel mobile naal jodna jaruri hai  sevavan nun jaari rakhan lai  nazdeeki retailer naal sampark karo 
402,1," rs  unltd loc std  gb   gb din  sabhi handset par   din  t c 
seemit samay offer  click airtel in   m
   cashback airtel payments bank a c kholne par "
403,1,check balance  recharge mobile and get exclusive deals   cashback on my airtel app  click here to use the app now www airtel in   in
404,1,the princeton review chandigarh center announces new weekday   weekend batches for gmat test prep enroll before  st aug   avail   fee waiver call    
405,0,received rs     from  xxxx  in your paytm wallet  wallet txn id     for billpayments visit paytm
406,1,ride micro mini at just rs   for  km and   minutes till  rd sep  no code needed  just launch the app   get riding comfortably in a few taps  bit ly c sms
407,1,bsnl offers   free high quality movie channels now on mobile  recharge with rs   and get  gb data   free mobile tv for   days 
408,1,o tere sang yaara            latest movie rustom k iss romantic gaane ko banaye apni   bas free main dial kare        tollfree 
409,1,"explore your potential with modern institute of engineering and technology miet   conviniently located campus on nh    very close to ambala cantt bus stand and railway station 
enroll for m tech   b tech   mba   bba
for enquiry contact        
toll free         "
410,0,facebook update  you received a friend request from payal  to check  dial       and get free facebook access without internet  for naughty chat      
411,1,mujhe lovely friends ke saath sweet sweet batein kerne ka badda maja atta hai  call karo   per
412,1,"chanakya ias academy is organizing a free workshop on ias pcs  on  st july    sunday  by successful candidates of cse   and the team of experts from delhi 
venue  chanakya ias academy  sco         nd floor  sector  c  chandigarh  time   am to  pm  limited seats  for registrations call or whats app       "
413,1,btech from galaxy global college ambala in just rs   per year  bus and ac hostel facility available  ku approved  few seats left call     
414,1,"last chance to apply for chitkara university s b tech  rd admission counseling on   july     call    ignore if applied 
regards
chitkara universi"
415,1,niit university open counselling for btech cse ece bt admissions is scheduled on       july  to register apply visit www niituniversity in
416,1,dear customer bsnl missed call service is now available      per month  to activate please dial        toll free  
417,1,dpgitm engg college gurgaon for b tech admissions  aicte approved   affiliated to mdu rohtak  sec   gurgaon nr hero honda chowk  ct   www dpgitm com
418,1,"vidyamandir classes offers up to    discount on correspondence courses for
iit jee preparation based on your jee main score queries        "
419,0,you have checked out the book from library acc  no    
420,1,raat din karen baten ji bhar ke  dial   aur maja karein kuch aise doston se jo apke sath karenge dhero masti bahri batein  toh call juldi call kare 
421,1," give wings to yours dreams  at dr  k n modi university rajasthan

jee csab code  

for admission   

mob no            

www dknmu org"
422,1,"sbit engineering college  sonipat ncr
courses  b tech mech  ece eee cse it   m tech  bba  bca  mba  mca
contact   "
423,1,bsnl welcomes you to bharat sanchar nigam ltd  up west  enjoy your stay with free incoming calls while roaming 
424,1,register for digital marketing demo session     job opportunity in just   months course and get starting salary  k  k  call    regards zodrox in
425,1,o tere sang yaara            latest movie rustom k iss romantic blockbuster gaane ko banaye apni   bas free main dial kare        tollfree 
426,1,call for admission in rajasthan s fastest growing engineering college ranked aa    in top   eng college in ee me ce cs agriculture mining    
427,1,meet stratford university usa delhi campus  officials in north east west delhi faridabad for on the spot guidance   admission on  th july    call   
428,1,"cgc landran is coming to hotel jyoti  near bus stand workshop road  yamuna nagar  for spot admissions from       to        contact    
www cgc edu in"
429,1,  placement offered     lacs highest package join chandigarh university apply now  visit  
430,1,bsnl welcomes you to bharat sanchar nigam ltd  up west  enjoy your stay with free incoming calls while roaming 
431,1,stratford university usa  delhi campus  offers bba bsit  scholarship upto     dual degree  internship from  st quarter  call   
432,1,dear vishwas mittal  mbbs in russia kyrgyzstan counselling in delhi   july  am  pm  hotel radisson blu cannaught place     l package  
433,1,"pata hai tumhari aur hamari muskaan mein farq kya hai  
tum khush hone k baad muskurate ho 
aur 
hum tumhein khush dekhne ke baad muskurate hain  
call  "
434,1,"last chance for direct admission in top college of ncr  jss akg galgotia kiet amity  at management seat few seat left call
 
 
 "
435,1, vi ke bad   varsh me sirf degree hi kyun  b sc  ias hcs  prince college  sikar  world class campus  daily classes  session started from   july       
436,1,don t miss  opportunity to crack iitjee    classes by dc pandey  sk goyal  rk gupta at the guidance classes  new delhi  contact     
437,1,"pata hai tumhari aur hamari muskaan mein farq kya hai  
tum khush hone k baad muskurate ho 
aur 
hum tumhein khush dekhne ke baad muskurate hain  
call  "
438,0,you have   missed call s  from     last call            
439,1,"rs   gb   gb  g din raat  gb raat  am  am   din
rs   gb  g  din
nazdeeki airtel vikreta se recharge karayein ya dial       ya click
airtel in app"
440,1,dear student  iec university hp offer courses engineering mca bca  mba bba b com pharmacy  law basic sci  bfd bjmc bpt  for more information call  
441,1,dear student  iec university hp offer courses engineering mca bca  mba bba b com pharmacy  law basic sci  bfd bjmc bpt  for more information call  
442,0,   is now available to take calls  to call back dial    
443,1,"bsc  mdu    nda navy air force coaching with hostel facility 
contact no      
 
chanakya college narnaul
 haryana "
444,1,bsnl welcomes you to bharat sanchar nigam ltd  up west  enjoy your stay with free incoming calls while roaming 
445,1,cgc landran is coming to hotel jyoti  near bus stand workshop road  yamuna nagar  for spot admissions from       to        contact    
446,1,niit university btech in cse data sciences  cyber security  cloud computing     ece embedded systems iot final appl  round closes on july    call  
447,1,"watch on times now today     pm   tomorrow sun     am
 coaching for iit   medical  a good corporate social responsibility  csr  option 
rao iit academy"
448,1,   upcoming government job in agricultural engineering  admission open in b tech in best engineering college of rajasthan call    
449,1,dear vishwas mittal  mbbs in russia total package    l counselling in delhi sunday   july  am  pm   hotel radisson blu cannaught place  
450,1,vidyamandir classes   offers up to    discount on correspondence courses based on jee main score  for details call       
451,1,all non registered students can now apply for admission in firstyear engineering at dypatil tech campus ambi pune        call   www dyptc com
452,1,"skyline inst offers    scholarship to jee score above   students in btech course
few seats left 
top faculty    placement 
skylineinstitute com
 "
453,0,g   is your google verification code 
454,1,school of aeronautics estd   prvds b tech mechatronics   ame  delhi  on the basis of jee main  lac net fee    placement   www soaneemrana org
455,0,hi  one time password for your airtel mobile transaction is    please use this otp to complete the transaction 
456,0,thanks for using improve your memory   tips   t  you have been charged rs     from your airtel mobile account for more services call  
457,0,thank you for using mobile   to pay rs     on dailyhunt  formerly newshunt  on            pm  press refresh in library if ebook not automatically downloaded  please contact  yourfriends dailyhunt in with txn id     for any queries powered by ipayy payment service
458,1,mbbs in philippines russia kyrgyzstan total package from  l counselling in delhi today  jul  am  pm   hotel radisson blu cannaught place chat in www nission in
459,1,bsnl welcomes you to bharat sanchar nigam ltd  up west  enjoy your stay with free incoming calls while roaming 
460,1,last few seats at india s  rd ranked saveetha university chennai  acres campus mpc          mech civil cse ece ee it auto tollfree   
461,1,hurry up  act before it s too late  few seats left  budha college  karnal  delhi ncr   b architecture   international faculties    placement  call  
462,1,cgc landran is coming to hotel jyoti  near bus stand workshop road  yamuna nagar  for spot admissions from       to        contact      
463,0,facebook friend request  you received a friend request from isha to check  dial       and use facebook without internet for free cricket updates      
464,1,"b tech aryans   

last chance to apply
free hostel for sc st

bba bca b com gnm bsc agri 
aryans group of colleges  chandigarh

www aryans edu in
 "
465,1,"ab aapke naam ka prachaar salman khan ki awaaz main   free main sms type kare sk space aapka naam aur bhejiye   par  udaharan  sk space raj to  

"
466,0,kindly use one time password otp   for e commerce txn with your obc debit card ending with xx  this otp is valid for   mins   for single txn only 
467,0,kindly use one time password otp   for e commerce txn with your obc debit card ending with xx  this otp is valid for   mins   for single txn only 
468,1,last chance galgotia s   amity invites direct admission in b tech  against vacant seat no   in north india call       
469,1,dear customer bsnl missed call service is now available      per month  to activate please dial        toll free  
470,1,"   students placed through campus placements in last   years    companies tie up  admission in b tech agriculture mining ee me ce cs
  
 "
471,1,bsnl welcomes you to bharat sanchar nigam ltd  up west  enjoy your stay with free incoming calls while roaming 
472,1,government engineering college rajasthan me admission guidence k liye contact kare last date   august chanakya consultancy  
473,1,admission open iitm murthal nh  ncr   mins drive m tech b tech polytechn bba bca add c   sarswativihar pitampura     www iitmanagement com
474,1,"mbbs admission in low packages in russia   europe recognized by m c i act    who    indians studying at present day english medium m b b s course only   years minimum     marks in intermediate p c b   contact nos      rewari

   gurgaon "
475,0,your have a low balance  to check eligibility and take advance talktime  call   or click  
476,1,study in canada usa aus nz   uk with expert guidance of wwics apply early and avail special benefits visit   wwics chandigarh sec  c      
477,1,pursue biosciences   clinical research with mrei medanta at apeejay stya university gurgaon scholarships upto    of fee    placements call   
478,1,shiv ki mahima k liye dial kare     latest bsnl tune k liye dial         zabardast hindi gaano k liye       rupaye ki bsnl tune k liye  
479,0,an amount of   inr has been credited to a c no xxxxxxx  by fund transfer on   aug         now clear balance is credit inr    
480,1,bsnl welcomes you to bharat sanchar nigam ltd  up west  enjoy your stay with free incoming calls while roaming  for latest bsnl tune dial    free  
481,1,"rs   gb  g  din market kimat rs  rs  ki bachat 
rs   gb  g  din vikreta se dial         download myairtel app click
airtel in app"
482,1,surprise day mein jito rs   ka bank card  rs  ans  sukhna lake kahan hai a  chandigarh b  ludhiana  sms a ya b to   or dial       muft 
483,1,"last date to take admission in b tech  agriculture mining cs ce me ee  is   august   in rajasthan s top engineering college  hurry up   
 "
484,0,freecharge verification code     it is valid for   minutes  pls do not share with anyone 
485,0,dear vishwas as per your jee rank please attend final round counseling for btech admission   in st  andrews institute delhi ncr  for info  
486,1,golden opportunity no to be missed recharge with rs  get mobiletv with  gb free data   days validity on your mobile 
487,0,facebook friend request  you received a friend request from priya to check  dial       and use facebook without internet for free cricket updates      
488,1,"hi      
aapki friend aapko bahut miss ker rahi hai abhi usee call kro  
"
489,1,bsnl welcomes you to bharat sanchar nigam ltd  up west  enjoy your stay with free incoming calls while roaming  for latest bsnl tune dial    free  
490,0,your have a low balance  to check eligibility and take advance talktime  call   or click  
491,0,an amount of   inr has been debited to a c no xxxxxxx  by atm transaction  on   aug         now clear balance is credit inr    
492,0,"ajay kumar
bf "
493,1,dpgitm engg college gurgaon for b tech admissions  aicte approved   affiliated to mdu rohtak  sec   gurgaon nr hero honda chowk  ct   www dpgitm com
494,1,airtel  g pack kal samapti se pehle  g recharge kar unused  g carry forward karein  recharge kar liya hai toh ignore karein  missed call karein   par
495,1, spot admission in b tech   m tech  cs  ec   me  ce  ee    fees   hostel     pa   mob       bits sonepat haryana
496,1,"calls sasti karein  rs  sabhi std mobile call re   min  din 
rs  local mobile  p min  din  offer airtel vikreta se ya apne mobile se dial      "
497,1,vishwas join jee main   adv dropper batch on  aug  fee rs   st  hostel facility weekly test   yr exp  singh study circle       
498,1,"aaj ka offer   
christmas kab manate hai  
  december   
  december   
call   aur jeeto  led tv    ja gold coins "
499,1,"meet ias toppers tina dabi   air    athar aamir  air    along with success guru ak mishra 
attend free seminar on art of success for civil services examination on  th august    sunday  from     am to     pm at chanakya ias academy  s c o      sector  c  madhya marg  chandigarh 
to register call or whatsapp       "
500,0,you have   missed call s  from     last call            
501,1,bsnl welcomes you to bharat sanchar nigam ltd  up west  enjoy your stay with free incoming calls while roaming  for latest bsnl tune dial    free  
502,1,"congratulations  you have been selected as a lucky candidate for fee waiver of current semester  show this message to claim this special benefit 
 "
503,1,  lakh ke diamonds jeetne ke liye khelo  rs  ans  sultan movie ke nayak kon hai  a  salman khan b  amir khan  sms a ya b to   or dial       
504,1,dpgitm engg college gurgaon for b tech admissions  aicte approved   affiliated to mdu rohtak  sec   gurgaon nr hero honda chowk  ct   www dpgitm com
505,1,tay hai            rustom movie k iss lajawab romantic gaane ko banaye apni  bas free main dial kare        tollfree 
506,1,saali aadhi ghar wali ka matlab wo scheme jo dulhe ko batayi jati magar di nahi jati  spicy jokes  rs     day sms sub sspj to  
507,1,vishwas join jee main   adv dropper batch on  aug  fee rs   st  hostel facility weekly test   yr exp  singh study circle       
508,1,"rs   gb  g  din market kimat rs  rs  ki bachat 
rs   gb  g  din vikreta se dial         download myairtel app click
airtel in app"
509,1,mvj college of engineering amongst top   engg colleges  bangalore  have above    in  th       then walk in for admission or call         
510,1,crack ias ips at right time under right guidance of abhimanu  start preparation from first year of graduation  admission on the basis of entrance test only 
511,1,"spot admissions in

srm university
 chennai

ranked no   in india

last chance
for guidance contact 
pavan reddy
 
regional off delhi
head off chennai"
512,1,bsnl welcomes you to bharat sanchar nigam ltd  up west  enjoy your stay with free incoming calls while roaming  for latest bsnl tune dial    free  
513,1,aapke internet pack ki validity samapt ho gayi hai ab usage main a c se katega  share your  g  g data pack with family for free  give a missed call  
514,1,happy hours  aaj   pm     pm ke bheech jito intex cloud mobile   rs   ans  mohra movie ke nayak kon thein a akshay kumar b  rajnikant  sms a ya b to   
515,1,try the exotic range of dominos pizza buy   regular pizza   get   reg pizza free walkin order      dominos co in cpn  crm dee a valid till   aug t c
516,1,last date for admission in b tech  agriculture mining cs ce me ee is   aug   in rajasthan  get enrolled with rajasthan s top engineering college  
517,1,"          

    
     
call   

sahi answer de ker aap jeet sakte hai led tv  "
518,1,"want to do ielts    want to study from top university in aus canada usa nz uk   singapore    call    
career maker hisar serving since  "
519,1,apply immediately for last sfti counseling on www ccb net in on jee main rank helpline   opt dev bhoomi group dehradun for assured placement 
520,0,also gone for movie   bhudia singh 
521,0,kindly use one time password otp   for e commerce txn with your obc debit card ending with xx  this otp is valid for   mins   for single txn only 
522,0,an amount of   inr has been debited to a c no xxxxxxx  by pos transaction  on   aug         now clear balance is credit inr    
523,0,kindly use one time password otp   for e commerce txn with your obc debit card ending with xx  this otp is valid for   mins   for single txn only 
524,0,an amount of   inr has been debited to a c no xxxxxxx  by pos transaction  on   aug         now clear balance is credit inr    
525,0,kindly use one time password otp   for e commerce txn with your obc debit card ending with xx  this otp is valid for   mins   for single txn only 
526,0,an amount of   inr has been debited to a c no xxxxxxx  by pos transaction  on   aug         now clear balance is credit inr    
527,0,recharge of rs    for   is successful  dial     to check updated balance  for queries  contact operator with reference no    for offers visit  
528,1,bsnl welcomes you to bharat sanchar nigam ltd  up west  enjoy your stay with free incoming calls while roaming  for latest bsnl tune dial    free  
529,1,direct admission for jee qualified students in ip university  delhi s engineering college delhi technical campus for few seats in b tech  civil  electrical
530,1,mechanical   hostel available  call    
531,1,"direct admission in b tech  eastern europe  in all branches  oil  gas engineering  abroad   lowest package 
call  
"
532,1,   upcoming government job in agricultural engineering  admission open in b tech  agriculture  in best engineering college of rajasthan call  
533,0,your have a low balance  to check eligibility and take advance talktime  call   or click  
534,0,  is your otp for ccd app registration      otp valid for   minutes but why wait  share coffee but not otp with others 
535,1,last chance to get admission in top ranked engineering colleges of bangalore  for guidance on engg branches   colgs call ashish singh      
536,0,dear user    is your otp  click  
537,1,tay hai            rustom movie k iss lajawab romantic gaane ko banaye apni  bas free main dial kare        tollfree 
538,1,bsnl welcomes you to bharat sanchar nigam ltd  up west  enjoy your stay with free incoming calls while roaming  for latest bsnl tune dial    free  
539,1,get latest wallpapers and videos click here  
540,1,b tech notice  last few seats left in top b tech college of india  galgotias  akg  kites  surajmal  bits  agarsen  vit  srm  abes  hurry call    
541,1,"calls sasti karein  rs  sabhi std mobile call re   min  din 
rs  local mobile  p min  din  offer airtel vikreta se ya apne mobile se dial      "
542,0,you have   unread messages and   friend request pending  to check dial       use unlimited facebook without internet  for naughty chat      
543,1,final call  last   days to apply at lovely professional university  join league of toppers  already    students with marks above    and    students with marks above    have joined this year   apply by  th august  subject to availability of seats   for details call   or visit www lpu in
544,1,bsnl welcomes you to bharat sanchar nigam ltd  up west  enjoy your stay with free incoming calls while roaming  for latest bsnl tune dial    free  
545,1,"register for india s best student contest  std        at
ibsc raoiit com
cash prizes of   lacs
call  am  pm             "
546,1,it is with great joy and excitement that we invite you to join us in celebrating an international level youth festival universumm   at m m  university  mullana from september         win cash prizes worth rs    lakhs  for more details  visit  universumm in or call at        thanks   
547,0,you have checked in the book to library acc no    
548,0,kindly use one time password otp   for e commerce txn with your obc debit card ending with xx  this otp is valid for   mins   for single txn only 
549,0,recharge done on   aug       pm mrp rs    pf      revised stax rs    talktime rs    balance rs    transid   benefit free music on airtel click  
550,0,recharge of rs    for   is successful  dial     to check updated balance  for queries  contact operator with reference no    for offers visit  
551,0,recharge of rs    for   is successful  dial     to check updated balance  for queries  contact operator with reference no    for offers visit  
552,0,you ve got   token s  with your last transaction on freecharge  check  rewards  on your freecharge app to use them and get rewarded 
553,0,an amount of   inr has been debited to a c no xxxxxxx  by pos transaction  on   aug         for account balance send sms acbal ac no to  
554,0,kindly use one time password otp   for e commerce txn with your obc debit card ending with xx  this otp is valid for   mins   for single txn only 
555,0,an amount of   inr has been debited to a c no xxxxxxx  by pos transaction  on   aug         now clear balance is credit inr    
556,0,recharge of rs    for   is successful  dial     to check updated balance  for queries  contact operator with reference no    for offers visit  
557,0,recharge of rs    for   is successful  dial     to check updated balance  for queries  contact operator with reference no    for offers visit  
558,0,recharge done on   aug       am mrp rs    pf     stax rs    talktime rs    balance rs    transid   benefit rs  recharge successful    mb  g with   days validity has been credited 
559,1,"hurry up  last   days to get admission in skiet kurukshetra 
free education for sc haryana 
one sem  fee scholarship for girls 
call  "
560,1,bsnl welcomes you to bharat sanchar nigam ltd  up west  enjoy your stay with free incoming calls while roaming  for latest bsnl tune dial    free  
561,1,"last call for admission  
to get admission in top colleges like galgotias jss akg g l bajaj more
for contact       
"
562,1,latest bsnl tune k liye dial        tollfree     rupaye ki bsnl tune k liye   tollfree    latest movies k hit naghmo k liye dial kare   tollfree 
563,1,"admission open 
b e b tech admission in top
reputed engineering
college university in bangalore
under management quota for
admissions call  "
564,1,call   free    sawalo ke jawab dekar jeete  rs ke daily recharge aur mobile phone  dial       jeeto hero bike    lakh ke gold  jaise inaam   rs q
565,1,dpgitm engg college gurgaon for b tech admissions  aicte approved   affiliated to mdu rohtak  sec   gurgaon nr hero honda chowk  ct   www dpgitm com
566,1,"dear aspirants  we are providing direct admission for top engineering  colleges of bangalore  for admission call  
few seats are available"
567,1,"calls sasti karein  rs  sabhi std mobile call re   min  din 
rs  local mobile  p min  din  offer airtel vikreta se ya apne mobile se dial      "
568,1,last chance  want to become a teacher  get admitted in teacher training courses like ntt nptt  b ed  last date       call iwp        
569,1,study in canada  january intake  fee start from rs   lac    visa this month  expert counselling and course selection  no processing fee  aum global    
570,1,bsnl welcomes you to bharat sanchar nigam ltd  up west  enjoy your stay with free incoming calls while roaming  for latest bsnl tune dial    free  
571,0,you have   missed call s  from     last call            
572,1,"rs   gb  g  din market kimat rs  rs  ki bachat 
rs   gb  g  din vikreta se dial         download myairtel app click
airtel in app"
573,0,facebook alert  you received a friend request from pooja  to accept  dial       and use unlimited free facebook without internet  for naughty chat      
574,0,you are selected on the basis of jee main rank for last counselling at iae bhopal for aircraft maint  engg  conducted by central govt of india call   
575,1,"rs   gb  g  din market kimat rs  rs  ki bachat 
rs   gb  g  din vikreta se dial         download myairtel app click
airtel in app"
576,0,your balance will be soon exhausted  you have rs     valid until      
577,1,"many exciting friends are waiting for you on voice chat  end their wait make that call today on   and talk as much as you want
"
578,1,independence day offer  aaj rs  ka recharge jeetne ke liye aajmayein apni kismat  apna inaam pakka karne ke liye  abhi airtel se call karein   tollfree 
579,0,data usage alert  mobile internet   mb data is remaining in your  g da   account  for info on data packs  dial      
580,1,admission closes     hurry few seats are left   ap goyal shimla university  for more details contact us     
581,0,you are selected on the basis of jee main rank for last counselling at iae bhopal for aircraft maint  engg  conducted by central govt of india call   
582,0,hey there  seema has credited rs    to you on fynd  use this code  ltdub to shop from    top fashion brands  enjoy   
583,1,now or never  buy   stylish shirt at just rs    free shipping coupon  sunglasses   belt  watch homeshop  at    pm today  call  
584,1,on this independence day let s celebrate full financial freedom of banking with oriental bank of commerce  banking will  anytime anywhere www obcindia co in
585,0,facebook message  priya has sent you a message and you have   notifications dial       and use unlimited facebook without internet for naughty chat      
586,0,myntra  hi vishwas mittal  your shipment   and order   has been shipped through ekart and will be delivered to you by   aug    the ekart tracking code is mync   you can track your order at  
587,0,data usage alert  mobile internet   mb data is remaining in your  g da   account  for info on data packs  dial      
588,0,data usage alert  mobile internet   mb data is remaining in your  g da   account  for info on data packs  dial      
589,0,"name  mukul sr iit arch
tel          
tel      
"
590,0,   is now available to speak  call    
591,0,your google verification code is  
592,0,your google verification code is  
593,0,out for delivery  puma men blue hip hop     with tracking id mync  from myntra  will be delivered  before  pm today by an ekart wish master  call     please pay rs     by cash or card 
594,0,undelivered  puma men blue hip hop     with tracking id mync  from myntra could not be delivered today  we will try again on mon    aug as requested  click to give feedback   
595,0,dear dell customer  your svc req no   has been registered  our rep will contact you for scheduling the service within the next   working hrs 
596,0,hi vishwas mittal  we were unable to deliver your shipment with shipment id   and order id   on   aug    please give a missed call from your registered contact number to    if the delivery agent did not reach you 
597,0,dear dell customer  for svc req no    the part s  are unavailable  regret the delay  our rep will contact you in   hrs with an updated status 
598,0,dear dell customer for svc req no     our engineer mr surendra will be visiting your place on                
599,0,dear dell customer for svc req no     our engineer mr surendra will be visiting your place on                
600,0,your otp is    please enter it in your app  thanks for downloading eckovation 
601,0,out for delivery  puma men blue hip hop     with tracking id mync  from myntra  will be delivered  before  pm today by an ekart wish master  call     please pay rs     by cash or card 
602,0,your balance will be soon exhausted  you have rs     valid until      
603,0,delivered  puma men blue hip hop     with tracking id mync  from myntra was delivered   today  happy with the delivery  click here   
604,0,you have checked out the book from library acc  no    
605,0,dear dell customer for svc req no     our engineer mr vijay singh gusain will be visiting your place on                
606,0,"congratulations on being our valuable expert on winuall  to access your expert panel  goto  your expert login credentials   
username   vishwasmit 
password    win  
 winuall
learn the right way  always "
607,0,waiting in govind  bhawan
608,0,surya w sent you an invitation on linkedin   
609,0,surya w sent you an invitation on linkedin   
610,0,out for pickup  puma men blue hip hop       more items with tracking id mynr  from myntra  will be picked up today by an ekart wish master  call     keep the product ready with all accessories and tags for verification 
611,0,surya w sent you an invitation on linkedin   
612,0,surya w sent you an invitation on linkedin   
613,0,surya w sent you an invitation on linkedin   
614,0,hi  we were unable to pick up your item puma men blue hip hop   sneakers  return no       on fri    aug  we will attempt again  if our associate did not contact you  please give us a missed call from your registered phone no  to    
615,0,pickup cancelled  pickup of puma men blue hip hop       more items with tracking id mynr  from myntra has been cancelled as you decided to keep the product  click to give feedback   
616,0,hi  your return request for puma men blue hip hop   sneakers  return no       has been cancelled  for any related queries  please click here   
617,0,hi  your return request for puma men blue hip hop   sneakers  return no       has been successfully placed  we expect to pick this up on or before thu    sep 
618,0,out for pickup  puma men blue hip hop       more items with tracking id mynr  from myntra  will be picked up today by an ekart wish master  call     keep the product ready with all accessories and tags for verification 
619,0,hi  your return request for puma men blue hip hop   sneakers  return no       has been processed  refund of rs      has been initiated to your bank a c and is expected to reflect within     days 
620,0,pickup completed  puma men blue hip hop       more items with tracking id mynr  from myntra was picked up today  click to give feedback   
621,0,you have made   invalid login attempts for your username  xxxxx  on            you are left with   more attempt and your user access will be locked for a day post   wrong password attempts 
622,0,your username  xxxxx  locked for the day due to   wrong password attempts on            to unlock  click forgot login password link 
623,0,otp for trouble logging in forgot login password is    do not share it with anyone
624,0,use   as otp to change your password  please don t share this with anyone  paytm never calls you asking for otp  if you did not request this  click here   
625,0,  is your login otp  treat this as confidential  sharing it with anyone gives them full access to your paytm wallet  paytm never calls to verify your otp 
626,0,hey  we tried calling you  however we could not reach you for some reason  here is your reminder to wakeup  have a great day ahead   haptik
627,0,thank you for contacting us  this mobile no  is not registered for card no     to update your mobile no   log on to the website or call the card helpline 
628,0,"hi  your first round for geek gazette will be happening today at mac ground floor at    pm 
for queries  please call  
or   "
629,0,uba test at   am for non ncc candidate at   pm for ncc candidate and others venue is mac open air theatre
630,0,you have   missed call s  from     last call            
631,0,facebook update  you just received a friend request from preeti  to check  dial       and get free facebook access without internet  for hot chat      
632,0,validity of airtel recharge of rs    for   is expiring today  sep     recharge now   
633,0,your sbi debit card ending with xx   has been deactivated for ecom transaction  to activate send sms  swon ecom    to   or use onlinesbi com
634,0,sorry beta l wanted to talk to ur father regarding saksham  nw matter s solved  
635,0,rs   has been credited into your freecharge balance for surprise cashback  it is valid for   months  view details on freecharge app 
636,0,all mte of sept    are preponed to sept    please see channel i 
637,0,you are selected for aircraft maintenance engineering course in central govt  approved college  stia  jaipur  call       www stiaerospace com
638,0,facebook you have   unread messages from your friend dial       to check your facebook updates without internet on any mobile ms dhoni movie      
639,0,your google verification code is  
640,0,which one where timing
641,0,account notification  the password for your google account vishwas mittal  gmail    was recently changed  google com password
642,0,hi vishwas    let me know if your batch having any free slots today for ethics tutorial renu mam class 
643,0,facebook you have   unread messages from your friend dial       to check your facebook updates without internet on any mobile ms dhoni movie      
644,0,you have   missed call s  from     last call            
645,0,your google verification code is  
646,0,you have   missed call s  from     last call            
647,0,hi vishwas mittal  you recently earned a cash back of rs       use it on freecharge to recharge  pay bills and shop at several other places  
648,0,   is now available to take calls  to call back dial    
649,0,facebook you have   unread messages from your friend dial       to check your facebook updates without internet on any mobile ms dhoni movie      
650,0,dear user    is your otp  click  
651,0,bala sir tld to cal as many as posble
652,0,you have checked out the book from library acc  no            
653,0,you have a low balance  to check eligibility and take advance talktime  call   or click  
654,0,you have a low balance  to check eligibility and take advance talktime  call   or click  
655,0,"dear customer 
you have crossed daily data usage threshold of   gb on your jio number   as of   oct        internet speed has been reduced to   kbps  your high speed internet will be restored in next   hours 
to manage your account with myjio app  click  thank you 
team jio"
656,0,iam n thd way  m vilage to iit
657,0,kindly use one time password otp   for e commerce txn with your obc debit card ending with xx  this otp is valid for   mins   for single txn only 
658,0,an amount of   inr has been debited to a c no xxxxxxx  by pos transaction  on   oct         now clear balance is credit inr    
659,0,recharge successful  rs   recharged for    dial     to confirm balance  operator reference no    
660,0,hey  we tried calling you  however we could not reach you for some reason  here is your reminder to call someone  have a great day ahead   haptik
661,0,your account is credited with rs    use voucher  oct  on eyeglasses above rs  at lenskart    
662,0,your data pack is over  recharge before it eats into your remaining balance    
663,0,your balance will be soon exhausted  you have rs     valid until      
664,0,kindly use one time password otp   for e commerce txn with your obc debit card ending with xx  this otp is valid for   mins   for single txn only 
665,0,an amount of   inr has been debited to a c no xxxxxxx  by pos transaction  on   oct         now clear balance is credit inr    
666,0,recharge successful  rs   recharged for   dial     for balance operator ref   get    cashback on recharges  
667,0,an amount of   inr has been debited to a c no xxxxxxx  by pos transaction  on   oct         now clear balance is credit inr    
668,0,an email has been sent for validation of your email id  please click the link given in email to validate  if email not received  update your correct email id through your parent branch or internet banking 
669,0,an amount of   inr has been credited to a c no xxxxxxx  by cash transaction on   nov         now clear balance is credit inr    
670,0,hey vishwas mittal  your   beans expire on        don t forget to treat yourself to a ccd coffee soon   you deserve it  love  team ccd
671,0,your balance will be soon exhausted  you have rs     valid until      
672,0,your recharge for   is pending from bsnl  usually it takes few minutes  if not successful within   hrs  we will refund the money to freecharge wallet
673,0,recharge of rs   for    order id fcva   has failed  your amount will be refunded to your freecharge wallet within   hours 
674,0,dear customer  your transaction on freecharge for order id  fcva  was unsuccessful  your refund for rs     is initiated and will be credited to your freecharge wallet within   hour 
675,0,kindly use one time password otp   for e commerce txn with your obc debit card ending with xx  this otp is valid for   mins   for single txn only 
676,0,an amount of   inr has been debited to a c no xxxxxxx  by pos transaction  on   dec         now clear balance is credit inr    
677,0,your recharge for   is pending from bsnl  usually it takes few minutes  if not successful within   hrs  we will refund the money to freecharge wallet
678,0,kindly use one time password otp   for e commerce txn with your obc debit card ending with xx  this otp is valid for   mins   for single txn only 
679,0,dear customer  your transaction on freecharge for order id  fcva  was unsuccessful  your refund for rs     is initiated and will be credited to your freecharge wallet within   hour 
680,0,your recharge for   is pending from bsnl  usually it takes few minutes  if not successful within   hrs  we will refund the money to freecharge wallet
681,0,recharge of rs   for    order id fcva   has failed  your amount will be refunded to your freecharge wallet within   hours 
682,0,your recharge for   is pending from bsnl  usually it takes few minutes  if not successful within   hrs  we will refund the money to freecharge wallet
683,0,recharge successful  rs   recharged for   dial     for balance operator ref    rs   cashback on electricity bill of rs   using code power    
684,0,recharge of rs   for    order id fcva   has failed  your amount will be refunded to your freecharge wallet within   hours 
685,0,recharge of rs   for    order id fcva   has failed  your amount will be refunded to your freecharge wallet within   hours 
686,0,your a c xxxxx  has a debit by a transfer of rs     on        avl bal rs       download buddy   
687,0,your linkedin verification code is   
688,0,your linkedin verification code is   
689,0,thanks for using     service  you have selected a wrong ifsc  kindly input correct ifsc to complete the txn  contact your bank for correct ifsc  charges apply
690,0,an amount of     inr has been debited to a c no xxxxxxx  by pos transaction  on   dec         now clear balance is credit inr    
691,0,hi customer  booking id     seats  gold m   m   m   m      seat s  for dangal  u  on wed    dec       pm at suncity cinema  bhiwani  audi     please carry your cc dc card which was used for booking tickets 
692,0,inr     credited to your a c no xxxxxxx  on       through rtgs with utr hdfcr 
693,0,to pay rs      to mops sbc our c  from your card xx      use otp  beware only fraudsters ask otp on phone otp is   don t share with anyone 
694,0,sbcollect txn du  dtd   rs     for iit roorkee    iit roorkee semester fee is successful 
695,0,you have   missed call s  from     last call            
696,0,you have   missed call s  from     last call            
697,0,microsoft access code   
698,0,please use the code   to verify your microsoft azure account 
699,0,kindly use one time password otp   for e commerce txn with your obc debit card ending with xx  this otp is valid for   mins   for single txn only 
700,0,an amount of   inr has been debited to a c no xxxxxxx  by pos transaction  on   feb         now clear balance is credit inr    
701,0,recharge successful  rs   recharged for   dial     for balance operator ref   watch    live tv channels at re   frch in dtv
702,0,an amount of   inr has been debited to a c no xxxxxxx  by pos transaction  on   feb         now clear balance is credit inr    
